<?xml version="1.0" encoding="utf-8"?>
<!--/678243/31710/2.50/2/4/Resistor/-->
<quadcept_library>
  <setting unit="mil" />
  <textstyle name="Default" height="47.244094488189" strokewidth="7.8740157480315" charwidth="47.244094488189" />
  <textstyle name="Dimension" height="19.6850393700787" strokewidth="0" charwidth="19.6850393700787" />
  <textstyle name="H127W0635TH00762" height="50" strokewidth="3" charwidth="25" />
  <textstyle name="H15W15TH02" height="59.0551181102362" strokewidth="7.8740157480315" charwidth="59.0551181102362" />
  <padstyle name="r550_405" surface="True" plated="False" isvia="False" nopaste="False" nomask="True" complex="False" holesize="0">
    <padshape layer="TOP" shape="rectangle" width="159.44881889764" height="216.53543307086" />
    <padshape layer="TOP_SOLDER_MASK" shape="rectangle" width="167.32283464567" height="224.40944881889" />
    <padshape layer="TOP_SOLDER_PASTE" shape="rectangle" width="159.44881889764" height="216.53543307086" />
  </padstyle>
  <footprint name="RESM11670X254N" originx="0" originy="0" pickpointx="0" pickpointy="0">
    <pcbpin number="1" name="1" style="r550_405" originx="-183.07086614173" originy="0" rotation="0" />
    <pcbpin number="2" name="2" style="r550_405" originx="183.07086614173" originy="0" rotation="0" />
    <line layer="TOP_PLACE_BOUND" originx="-272.63779527559" originy="149.76377952756" endx="272.63779527559" endy="149.76377952756" width="1.9685039370079" />
    <line layer="TOP_PLACE_BOUND" originx="272.63779527559" originy="149.76377952756" endx="272.63779527559" endy="-149.76377952756" width="1.9685039370079" />
    <line layer="TOP_PLACE_BOUND" originx="272.63779527559" originy="-149.76377952756" endx="-272.63779527559" endy="-149.76377952756" width="1.9685039370079" />
    <line layer="TOP_PLACE_BOUND" originx="-272.63779527559" originy="-149.76377952756" endx="-272.63779527559" endy="149.76377952756" width="1.9685039370079" />
    <line layer="TOP_ASSEMBLY" originx="-227.55905511811" originy="137.40157480315" endx="227.55905511811" endy="137.40157480315" width="3.9370078740157" />
    <line layer="TOP_ASSEMBLY" originx="227.55905511811" originy="137.40157480315" endx="227.55905511811" endy="-137.40157480315" width="3.9370078740157" />
    <line layer="TOP_ASSEMBLY" originx="227.55905511811" originy="-137.40157480315" endx="-227.55905511811" endy="-137.40157480315" width="3.9370078740157" />
    <line layer="TOP_ASSEMBLY" originx="-227.55905511811" originy="-137.40157480315" endx="-227.55905511811" endy="137.40157480315" width="3.9370078740157" />
    <line layer="TOP_SILKSCREEN" originx="227.55905511811" originy="137.40157480315" endx="-227.55905511811" endy="137.40157480315" width="7.8740157480314" />
    <line layer="TOP_SILKSCREEN" originx="-227.55905511811" originy="-137.40157480315" endx="227.55905511811" endy="-137.40157480315" width="7.8740157480314" />
  </footprint>
  <symbol name="WSR5R0100FEA" originx="0" originy="0">
    <line originx="200" originy="50" endx="500" endy="50" width="0" />
    <line originx="500" originy="-50" endx="500" endy="50" width="0" />
    <line originx="500" originy="-50" endx="200" endy="-50" width="0" />
    <line originx="200" originy="50" endx="200" endy="-50" width="0" />
    <sympin number="1" originx="200" originy="0" rotation="180" length="100" width="7.8740157480315" flipped="False">
      <text name="pinname" originx="0" originy="-10" style="Default" rotation="0" justify="upperleft" flipped="False" hidden="True" data="1" />
      <text name="pindes" originx="0" originy="10" style="Default" rotation="0" justify="lowerleft" flipped="False" hidden="False" data="1" />
    </sympin>
    <sympin number="2" originx="500" originy="0" rotation="0" length="100" width="7.8740157480315" flipped="False">
      <text name="pinname" originx="700" originy="-10" style="Default" rotation="0" justify="upperright" flipped="False" hidden="True" data="2" />
      <text name="pindes" originx="700" originy="10" style="Default" rotation="0" justify="lowerright" flipped="False" hidden="False" data="2" />
    </sympin>
  </symbol>
  <component name="WSR5R0100FEA" designatorprefix="R" height="99.881889763778" footprint="RESM11670X254N">
    <comppin designator="1" sympin="1" pinswap="0" gateswap="0" gate="1" group="1" side="" type="Any" name="1" />
    <comppin designator="2" sympin="2" pinswap="0" gateswap="0" gate="1" group="1" side="" type="Any" name="2" />
    <attached_symbol gate="1" name="WSR5R0100FEA" />
    <pinmap designator="1" footprintpin="1" />
    <pinmap designator="2" footprintpin="2" />
    <text name="Datasheet" originx="0" originy="0" style="Default" rotation="0" justify="" flipped="False" hidden="True" data="https://datasheet.datasheetarchive.com/originals/distributors/DKDS-23/453328.pdf" />
    <text name="Description" originx="0" originy="0" style="Default" rotation="0" justify="" flipped="False" hidden="True" data="VISHAY - WSR5R0100FEA - RESISTOR, METAL STRIP, 0.01 OHM 1%" />
    <text name="Mouser Part Number" originx="0" originy="0" style="Default" rotation="0" justify="" flipped="False" hidden="True" data="71-WSR5R0100FEA" />
    <text name="Mouser Price/Stock" originx="0" originy="0" style="Default" rotation="0" justify="" flipped="False" hidden="True" data="https://www.mouser.co.uk/ProductDetail/Vishay-Dale/WSR5R0100FEA?qs=4Ewz1atfbqI%252BdJPHTSy7jg%3D%3D" />
    <text name="Manufacturer_Name" originx="0" originy="0" style="Default" rotation="0" justify="" flipped="False" hidden="True" data="Vishay" />
    <text name="Manufacturer_Part_Number" originx="550" originy="150" style="Default" rotation="0" justify="left" flipped="False" hidden="False" data="WSR5R0100FEA" />
  </component>
</quadcept_library>
