<?xml version="1.0" encoding="utf-8"?>
<!--/758974/31710/2.50/2/2/Diode/-->
<quadcept_library>
  <setting unit="mil" />
  <textstyle name="Default" height="47.244094488189" strokewidth="7.8740157480315" charwidth="47.244094488189" />
  <textstyle name="Dimension" height="19.6850393700787" strokewidth="0" charwidth="19.6850393700787" />
  <textstyle name="H127W0635TH00762" height="50" strokewidth="3" charwidth="25" />
  <textstyle name="H15W15TH02" height="59.0551181102362" strokewidth="7.8740157480315" charwidth="59.0551181102362" />
  <padstyle name="r230_155" surface="True" plated="False" isvia="False" nopaste="False" nomask="True" complex="False" holesize="0">
    <padshape layer="TOP" shape="rectangle" width="61.023622047243" height="90.551181102361" />
    <padshape layer="TOP_SOLDER_MASK" shape="rectangle" width="68.897637795275" height="98.425196850392" />
    <padshape layer="TOP_SOLDER_PASTE" shape="rectangle" width="61.023622047243" height="90.551181102361" />
  </padstyle>
  <footprint name="DIOM5226X220N" originx="0" originy="0" pickpointx="0" pickpointy="0">
    <pcbpin number="1" name="1" style="r230_155" originx="-84.645669291338" originy="0" rotation="90" />
    <pcbpin number="2" name="2" style="r230_155" originx="84.645669291338" originy="0" rotation="90" />
    <line layer="TOP_PLACE_BOUND" originx="-139.76377952756" originy="67.322834645668" endx="139.76377952756" endy="67.322834645668" width="1.9685039370079" />
    <line layer="TOP_PLACE_BOUND" originx="139.76377952756" originy="67.322834645668" endx="139.76377952756" endy="-67.322834645668" width="1.9685039370079" />
    <line layer="TOP_PLACE_BOUND" originx="139.76377952756" originy="-67.322834645668" endx="-139.76377952756" endy="-67.322834645668" width="1.9685039370079" />
    <line layer="TOP_PLACE_BOUND" originx="-139.76377952756" originy="-67.322834645668" endx="-139.76377952756" endy="67.322834645668" width="1.9685039370079" />
    <line layer="TOP_ASSEMBLY" originx="-102.55905511811" originy="51.259842519684" endx="102.55905511811" endy="51.259842519684" width="3.9370078740157" />
    <line layer="TOP_ASSEMBLY" originx="102.55905511811" originy="51.259842519684" endx="102.55905511811" endy="-51.259842519684" width="3.9370078740157" />
    <line layer="TOP_ASSEMBLY" originx="102.55905511811" originy="-51.259842519684" endx="-102.55905511811" endy="-51.259842519684" width="3.9370078740157" />
    <line layer="TOP_ASSEMBLY" originx="-102.55905511811" originy="-51.259842519684" endx="-102.55905511811" endy="51.259842519684" width="3.9370078740157" />
    <line layer="TOP_ASSEMBLY" originx="-102.55905511811" originy="20.787401574803" endx="-72.047244094487" endy="51.259842519684" width="3.9370078740157" />
    <line layer="TOP_SILKSCREEN" originx="102.55905511811" originy="51.259842519684" endx="-115.15748031496" endy="51.259842519684" width="7.8740157480314" />
    <line layer="TOP_SILKSCREEN" originx="-102.55905511811" originy="-51.259842519684" endx="102.55905511811" endy="-51.259842519684" width="7.8740157480314" />
  </footprint>
  <symbol name="NRVA4003T3G" originx="0" originy="0">
    <line originx="200" originy="100" endx="200" endy="-100" width="0" />
    <line originx="100" originy="0" endx="200" endy="0" width="0" />
    <line originx="400" originy="0" endx="500" endy="0" width="0" />
    <sympin number="1" originx="100" originy="0" rotation="180" length="100" width="7.8740157480315" flipped="False">
      <text name="pinname" originx="140" originy="10" style="Default" rotation="0" justify="left" flipped="False" hidden="True" data="K" />
      <text name="pindes" originx="60" originy="10" style="Default" rotation="0" justify="lowerright" flipped="False" hidden="False" data="1" />
    </sympin>
    <sympin number="2" originx="500" originy="0" rotation="0" length="100" width="7.8740157480315" flipped="False">
      <text name="pinname" originx="460" originy="10" style="Default" rotation="0" justify="right" flipped="False" hidden="True" data="A" />
      <text name="pindes" originx="540" originy="10" style="Default" rotation="0" justify="lowerleft" flipped="False" hidden="False" data="2" />
    </sympin>
    <polygon type="polygon">
      <point x="200" y="0" />
      <point x="400" y="100" />
      <point x="400" y="-100" />
    </polygon>
  </symbol>
  <component name="NRVA4003T3G" designatorprefix="D" height="86.614173228345" footprint="DIOM5226X220N">
    <comppin designator="1" sympin="1" pinswap="0" gateswap="0" gate="1" group="1" side="" type="Any" name="K" />
    <comppin designator="2" sympin="2" pinswap="0" gateswap="0" gate="1" group="1" side="" type="Any" name="A" />
    <attached_symbol gate="1" name="NRVA4003T3G" />
    <pinmap designator="1" footprintpin="1" />
    <pinmap designator="2" footprintpin="2" />
    <text name="Datasheet" originx="0" originy="0" style="Default" rotation="0" justify="" flipped="False" hidden="True" data="https://www.onsemi.com/pub/Collateral/MRA4003T3-D.PDF" />
    <text name="Description" originx="0" originy="0" style="Default" rotation="0" justify="" flipped="False" hidden="True" data="Compact Package with J-Bend Leads Ideal for Automated Handling; Stable, High Temperature, Glass Passivated Junction Mechanical Characteristics:; Case: Molded Epoxy Epoxy meets UL94, VO at 1/8&quot;; Weight: 70 mg (Approximately); Finish: All External Surfaces are Corrosion Resistant and Terminal Leads are Readily Solderable; Lead and Mounting Surface Temperature for Soldering Purposes: 260C Max. for 10 seconds in Solder Bath; Polarity: Notch and Band in Plastic Body Indicates Cathode Lead; Available in 12 mm Ta" />
    <text name="Mouser Part Number" originx="0" originy="0" style="Default" rotation="0" justify="" flipped="False" hidden="True" data="863-NRVA4003T3G" />
    <text name="Mouser Price/Stock" originx="0" originy="0" style="Default" rotation="0" justify="" flipped="False" hidden="True" data="https://www.mouser.co.uk/ProductDetail/onsemi/NRVA4003T3G?qs=tCMd4XlZ%2FiDP1uXXxJRcew%3D%3D" />
    <text name="Manufacturer_Name" originx="0" originy="0" style="Default" rotation="0" justify="" flipped="False" hidden="True" data="onsemi" />
    <text name="Manufacturer_Part_Number" originx="450" originy="100" style="Default" rotation="0" justify="left" flipped="False" hidden="False" data="NRVA4003T3G" />
  </component>
</quadcept_library>
